-- phpMyAdmin SQL Dump
-- version 5.1.1
-- https://www.phpmyadmin.net/
--
-- Host: 127.0.0.1
-- Waktu pembuatan: 12 Des 2024 pada 18.11
-- Versi server: 10.4.22-MariaDB
-- Versi PHP: 8.3.8

SET SQL_MODE = "NO_AUTO_VALUE_ON_ZERO";
START TRANSACTION;
SET time_zone = "+00:00";


/*!40101 SET @OLD_CHARACTER_SET_CLIENT=@@CHARACTER_SET_CLIENT */;
/*!40101 SET @OLD_CHARACTER_SET_RESULTS=@@CHARACTER_SET_RESULTS */;
/*!40101 SET @OLD_COLLATION_CONNECTION=@@COLLATION_CONNECTION */;
/*!40101 SET NAMES utf8mb4 */;

--
-- Database: `poli_bk`
--

-- --------------------------------------------------------

--
-- Struktur dari tabel `daftar_poli`
--

CREATE TABLE `daftar_poli` (
  `id` int(10) UNSIGNED NOT NULL,
  `id_pasien` int(11) UNSIGNED NOT NULL,
  `id_jadwal` int(11) UNSIGNED NOT NULL,
  `keluhan` text NOT NULL,
  `no_antrian` int(10) UNSIGNED NOT NULL,
  `status_periksa` enum('0','1') NOT NULL
) ENGINE=InnoDB DEFAULT CHARSET=utf8mb4;

--
-- Dumping data untuk tabel `daftar_poli`
--

INSERT INTO `daftar_poli` (`id`, `id_pasien`, `id_jadwal`, `keluhan`, `no_antrian`, `status_periksa`) VALUES
(4, 13, 11, 'Gusi berdarah', 1, '1'),
(7, 15, 11, 'Sakit Hati', 2, '0'),
(8, 16, 11, 'hamil', 3, '0'),
(9, 17, 11, 'Sakit Hati', 4, '1');

-- --------------------------------------------------------

--
-- Struktur dari tabel `detail_periksa`
--

CREATE TABLE `detail_periksa` (
  `id` int(11) NOT NULL,
  `id_periksa` int(11) NOT NULL,
  `id_obat` int(11) NOT NULL
) ENGINE=InnoDB DEFAULT CHARSET=utf8mb4;

--
-- Dumping data untuk tabel `detail_periksa`
--

INSERT INTO `detail_periksa` (`id`, `id_periksa`, `id_obat`) VALUES
(7, 5, 17),
(8, 5, 18),
(9, 6, 17);

-- --------------------------------------------------------

--
-- Struktur dari tabel `dokter`
--

CREATE TABLE `dokter` (
  `id` int(11) NOT NULL,
  `nama` varchar(255) NOT NULL,
  `password` varchar(50) NOT NULL,
  `alamat` varchar(255) NOT NULL,
  `no_hp` varchar(50) NOT NULL,
  `id_poli` int(11) NOT NULL
) ENGINE=InnoDB DEFAULT CHARSET=utf8mb4;

--
-- Dumping data untuk tabel `dokter`
--

INSERT INTO `dokter` (`id`, `nama`, `password`, `alamat`, `no_hp`, `id_poli`) VALUES
(16, 'Novan', '0c646b9d777ee31b005228bdc3d469a1', 'Jl. Raya No.7', '089456543456', 11),
(20, 'Dr. Satria S.Kom, S.T, M.Kom.', '04c11ed2f77827ea0e31f83b4651beed', 'disana', '088888888888888', 22),
(21, 'Farhan', '9048d07348e59dcbf50c227937d4b906', 'disana', '098080', 23);

-- --------------------------------------------------------

--
-- Struktur dari tabel `jadwal_periksa`
--

CREATE TABLE `jadwal_periksa` (
  `id` int(10) UNSIGNED NOT NULL,
  `id_dokter` int(11) NOT NULL,
  `hari` enum('Senin','Selasa','Rabu','Kamis','Jumat','Sabtu') NOT NULL,
  `jam_mulai` time NOT NULL,
  `jam_selesai` time NOT NULL,
  `aktif` char(1) NOT NULL DEFAULT 'N'
) ENGINE=InnoDB DEFAULT CHARSET=utf8mb4;

--
-- Dumping data untuk tabel `jadwal_periksa`
--

INSERT INTO `jadwal_periksa` (`id`, `id_dokter`, `hari`, `jam_mulai`, `jam_selesai`, `aktif`) VALUES
(10, 16, 'Senin', '08:00:00', '12:00:00', 'N'),
(11, 16, 'Selasa', '13:00:00', '17:00:00', 'Y');

-- --------------------------------------------------------

--
-- Struktur dari tabel `obat`
--

CREATE TABLE `obat` (
  `id` int(11) NOT NULL,
  `nama_obat` varchar(50) NOT NULL,
  `kemasan` varchar(35) NOT NULL,
  `harga` int(11) NOT NULL
) ENGINE=InnoDB DEFAULT CHARSET=utf8mb4;

--
-- Dumping data untuk tabel `obat`
--

INSERT INTO `obat` (`id`, `nama_obat`, `kemasan`, `harga`) VALUES
(11, 'Obat Batuk', 'Kaplet', 18000),
(12, 'Obat Pusing', 'botol', 32000),
(13, 'Vitamin C', 'Botol Pil', 10000),
(14, 'Vitamin B Complex', 'Botol Pil', 10000),
(17, 'Obat Radang', 'Kaplet', 23000),
(18, 'Obat Diare', 'Kaplet', 12000),
(19, 'Vitamin A', 'Tablet', 8000);

-- --------------------------------------------------------

--
-- Struktur dari tabel `pasien`
--

CREATE TABLE `pasien` (
  `id` int(10) UNSIGNED NOT NULL,
  `nama` varchar(255) NOT NULL,
  `password` varchar(50) NOT NULL,
  `alamat` varchar(255) NOT NULL,
  `no_ktp` varchar(255) NOT NULL,
  `no_hp` varchar(50) NOT NULL,
  `no_rm` varchar(25) NOT NULL
) ENGINE=InnoDB DEFAULT CHARSET=utf8mb4;

--
-- Dumping data untuk tabel `pasien`
--

INSERT INTO `pasien` (`id`, `nama`, `password`, `alamat`, `no_ktp`, `no_hp`, `no_rm`) VALUES
(13, 'Budi', '827ccb0eea8a706c4c34a16891f84e7b', 'Semarang', '0987654', '98765', '202401-002'),
(14, 'Dianuswantoro', '827ccb0eea8a706c4c34a16891f84e7b', 'Semarang', '9876543', '0878', '202401-003'),
(15, 'Satria', '25d55ad283aa400af464c76d713c07ad', 'disana', '12345678987654321', '0888888888888', '202412-004'),
(16, 'wahyu', '202cb962ac59075b964b07152d234b70', 'disini', '089937892378973', '123', '202412-005'),
(17, 'Satriaa', '202cb962ac59075b964b07152d234b70', 'disana', '09028908023', '897897987', '202412-006');

-- --------------------------------------------------------

--
-- Struktur dari tabel `periksa`
--

CREATE TABLE `periksa` (
  `id` int(11) NOT NULL,
  `id_daftar_poli` int(11) UNSIGNED NOT NULL,
  `tgl_periksa` datetime NOT NULL,
  `catatan` text NOT NULL,
  `biaya_periksa` int(11) NOT NULL
) ENGINE=InnoDB DEFAULT CHARSET=utf8mb4;

--
-- Dumping data untuk tabel `periksa`
--

INSERT INTO `periksa` (`id`, `id_daftar_poli`, `tgl_periksa`, `catatan`, `biaya_periksa`) VALUES
(5, 4, '2024-12-07 10:43:00', 'Makan makanan yang manis ya biar tambah rusak', 185000),
(6, 9, '2024-12-09 16:40:00', 'iya', 173000);

-- --------------------------------------------------------

--
-- Struktur dari tabel `poli`
--

CREATE TABLE `poli` (
  `id` int(11) NOT NULL,
  `nama_poli` varchar(25) NOT NULL,
  `keterangan` text NOT NULL
) ENGINE=InnoDB DEFAULT CHARSET=utf8mb4;

--
-- Dumping data untuk tabel `poli`
--

INSERT INTO `poli` (`id`, `nama_poli`, `keterangan`) VALUES
(10, 'Poli THT', 'Available'),
(11, 'Poli Gigi', 'Available'),
(21, 'Poli Gizi', 'kosong'),
(22, 'Poli Mata Baik', 'kosong'),
(23, 'Poli Syaraf', 'Available ');

--
-- Indexes for dumped tables
--

--
-- Indeks untuk tabel `daftar_poli`
--
ALTER TABLE `daftar_poli`
  ADD PRIMARY KEY (`id`),
  ADD KEY `fk_daftarPoli_jadwal` (`id_jadwal`),
  ADD KEY `fk_daftarPoli_pasien` (`id_pasien`);

--
-- Indeks untuk tabel `detail_periksa`
--
ALTER TABLE `detail_periksa`
  ADD PRIMARY KEY (`id`),
  ADD KEY `fk_detailPeriksa_periksa` (`id_periksa`),
  ADD KEY `fk_detailPeriksa_obat` (`id_obat`);

--
-- Indeks untuk tabel `dokter`
--
ALTER TABLE `dokter`
  ADD PRIMARY KEY (`id`),
  ADD KEY `fk_dokter_poli` (`id_poli`);

--
-- Indeks untuk tabel `jadwal_periksa`
--
ALTER TABLE `jadwal_periksa`
  ADD PRIMARY KEY (`id`),
  ADD KEY `fk_jadwal_dokter` (`id_dokter`);

--
-- Indeks untuk tabel `obat`
--
ALTER TABLE `obat`
  ADD PRIMARY KEY (`id`);

--
-- Indeks untuk tabel `pasien`
--
ALTER TABLE `pasien`
  ADD PRIMARY KEY (`id`);

--
-- Indeks untuk tabel `periksa`
--
ALTER TABLE `periksa`
  ADD PRIMARY KEY (`id`),
  ADD KEY `fk_periksa_daftarPoli` (`id_daftar_poli`);

--
-- Indeks untuk tabel `poli`
--
ALTER TABLE `poli`
  ADD PRIMARY KEY (`id`);

--
-- AUTO_INCREMENT untuk tabel yang dibuang
--

--
-- AUTO_INCREMENT untuk tabel `daftar_poli`
--
ALTER TABLE `daftar_poli`
  MODIFY `id` int(10) UNSIGNED NOT NULL AUTO_INCREMENT, AUTO_INCREMENT=10;

--
-- AUTO_INCREMENT untuk tabel `detail_periksa`
--
ALTER TABLE `detail_periksa`
  MODIFY `id` int(11) NOT NULL AUTO_INCREMENT, AUTO_INCREMENT=10;

--
-- AUTO_INCREMENT untuk tabel `dokter`
--
ALTER TABLE `dokter`
  MODIFY `id` int(11) NOT NULL AUTO_INCREMENT, AUTO_INCREMENT=22;

--
-- AUTO_INCREMENT untuk tabel `jadwal_periksa`
--
ALTER TABLE `jadwal_periksa`
  MODIFY `id` int(10) UNSIGNED NOT NULL AUTO_INCREMENT, AUTO_INCREMENT=14;

--
-- AUTO_INCREMENT untuk tabel `obat`
--
ALTER TABLE `obat`
  MODIFY `id` int(11) NOT NULL AUTO_INCREMENT, AUTO_INCREMENT=20;

--
-- AUTO_INCREMENT untuk tabel `pasien`
--
ALTER TABLE `pasien`
  MODIFY `id` int(10) UNSIGNED NOT NULL AUTO_INCREMENT, AUTO_INCREMENT=18;

--
-- AUTO_INCREMENT untuk tabel `periksa`
--
ALTER TABLE `periksa`
  MODIFY `id` int(11) NOT NULL AUTO_INCREMENT, AUTO_INCREMENT=7;

--
-- AUTO_INCREMENT untuk tabel `poli`
--
ALTER TABLE `poli`
  MODIFY `id` int(11) NOT NULL AUTO_INCREMENT, AUTO_INCREMENT=24;

--
-- Ketidakleluasaan untuk tabel pelimpahan (Dumped Tables)
--

--
-- Ketidakleluasaan untuk tabel `daftar_poli`
--
ALTER TABLE `daftar_poli`
  ADD CONSTRAINT `fk_daftarPoli_jadwal` FOREIGN KEY (`id_jadwal`) REFERENCES `jadwal_periksa` (`id`),
  ADD CONSTRAINT `fk_daftarPoli_pasien` FOREIGN KEY (`id_pasien`) REFERENCES `pasien` (`id`);

--
-- Ketidakleluasaan untuk tabel `detail_periksa`
--
ALTER TABLE `detail_periksa`
  ADD CONSTRAINT `fk_detailPeriksa_obat` FOREIGN KEY (`id_obat`) REFERENCES `obat` (`id`),
  ADD CONSTRAINT `fk_detailPeriksa_periksa` FOREIGN KEY (`id_periksa`) REFERENCES `periksa` (`id`);

--
-- Ketidakleluasaan untuk tabel `dokter`
--
ALTER TABLE `dokter`
  ADD CONSTRAINT `fk_dokter_poli` FOREIGN KEY (`id_poli`) REFERENCES `poli` (`id`);

--
-- Ketidakleluasaan untuk tabel `jadwal_periksa`
--
ALTER TABLE `jadwal_periksa`
  ADD CONSTRAINT `fk_jadwal_dokter` FOREIGN KEY (`id_dokter`) REFERENCES `dokter` (`id`);

--
-- Ketidakleluasaan untuk tabel `periksa`
--
ALTER TABLE `periksa`
  ADD CONSTRAINT `fk_periksa_daftarPoli` FOREIGN KEY (`id_daftar_poli`) REFERENCES `daftar_poli` (`id`);
COMMIT;

/*!40101 SET CHARACTER_SET_CLIENT=@OLD_CHARACTER_SET_CLIENT */;
/*!40101 SET CHARACTER_SET_RESULTS=@OLD_CHARACTER_SET_RESULTS */;
/*!40101 SET COLLATION_CONNECTION=@OLD_COLLATION_CONNECTION */;
